username,password,first_name,last_name,middle_name
DanicaH,$2a$08$Ihkz7UDIyrWuUEQV7WcFReKPXm4xGPso0gQ8pbcbEHz.lQOWfT682,Danica,Hurst,H
WillH,$2a$08$Ihkz7UDIyrWuUEQV7WcFReKPXm4xGPso0gQ8pbcbEHz.lQOWfT683,Will,Hood,D
TatianaE,$2a$08$Ihkz7UDIyrWuUEQV7WcFReKPXm4xGPso0gQ8pbcbEHz.lQOWfT684,Tatiana,Edwards,F
DiyaF,$2a$08$Ihkz7UDIyrWuUEQV7WcFReKPXm4xGPso0gQ8pbcbEHz.lQOWfT685,Diya,Fisher,A
EmilioF,$2a$08$Ihkz7UDIyrWuUEQV7WcFReKPXm4xGPso0gQ8pbcbEHz.lQOWfT686,Emilio,Foster,E
RonaldD,$2a$08$Ihkz7UDIyrWuUEQV7WcFReKPXm4xGPso0gQ8pbcbEHz.lQOWfT687,Ronald,Dodson,E
AshantiY,$2a$08$Ihkz7UDIyrWuUEQV7WcFReKPXm4xGPso0gQ8pbcbEHz.lQOWfT688,Ashanti,Yu,G
AliyahL,$2a$08$Ihkz7UDIyrWuUEQV7WcFReKPXm4xGPso0gQ8pbcbEHz.lQOWfT689,Aliyah,Lamb,H
EzequielT,$2a$08$Ihkz7UDIyrWuUEQV7WcFReKPXm4xGPso0gQ8pbcbEHz.lQOWfT690,Ezequiel,Trevino,
AshlynnS,$2a$08$Ihkz7UDIyrWuUEQV7WcFReKPXm4xGPso0gQ8pbcbEHz.lQOWfT691,Ashlynn,Sweeney,I
EllenS,$2a$08$Ihkz7UDIyrWuUEQV7WcFReKPXm4xGPso0gQ8pbcbEHz.lQOWfT692,Ellen,Schwartz,F
ShyanneC,$2a$08$Ihkz7UDIyrWuUEQV7WcFReKPXm4xGPso0gQ8pbcbEHz.lQOWfT693,Shyanne,Campbell,C
FranciscoF,$2a$08$Ihkz7UDIyrWuUEQV7WcFReKPXm4xGPso0gQ8pbcbEHz.lQOWfT694,Francisco,Floyd,A
AydanA,$2a$08$Ihkz7UDIyrWuUEQV7WcFReKPXm4xGPso0gQ8pbcbEHz.lQOWfT695,Aydan,Adams,C
AbbigailM,$2a$08$Ihkz7UDIyrWuUEQV7WcFReKPXm4xGPso0gQ8pbcbEHz.lQOWfT696,Abbigail,Mooney,
BelenS,$2a$08$Ihkz7UDIyrWuUEQV7WcFReKPXm4xGPso0gQ8pbcbEHz.lQOWfT697,Belen,Shaffer,B
LeroyH,$2a$08$Ihkz7UDIyrWuUEQV7WcFReKPXm4xGPso0gQ8pbcbEHz.lQOWfT698,Leroy,Herrera,L
LorenzoT,$2a$08$Ihkz7UDIyrWuUEQV7WcFReKPXm4xGPso0gQ8pbcbEHz.lQOWfT699,Lorenzo,Tate,A
ProfAdams,$2a$08$Ihkz7UDIyrWuUEQV7WcFReKPXm4xGPso0gQ8pbcbEHz.lQOWfT700,Nathan,Adams,
ProfBaker,$2a$08$Ihkz7UDIyrWuUEQV7WcFReKPXm4xGPso0gQ8pbcbEHz.lQOWfT701,Sara,Baker,
ProfClark,$2a$08$Ihkz7UDIyrWuUEQV7WcFReKPXm4xGPso0gQ8pbcbEHz.lQOWfT702,Dustin,Clark,
ProfDavis,$2a$08$Ihkz7UDIyrWuUEQV7WcFReKPXm4xGPso0gQ8pbcbEHz.lQOWfT703,Paul,Davis,
ProfEvans,$2a$08$Ihkz7UDIyrWuUEQV7WcFReKPXm4xGPso0gQ8pbcbEHz.lQOWfT704,Angela,Evans,
ProfFrank,$2a$08$Ihkz7UDIyrWuUEQV7WcFReKPXm4xGPso0gQ8pbcbEHz.lQOWfT705,Tyler,Frank,
ProfGhosh,$2a$08$Ihkz7UDIyrWuUEQV7WcFReKPXm4xGPso0gQ8pbcbEHz.lQOWfT706,Scott,Ghosh,
ProfHills,$2a$08$Ihkz7UDIyrWuUEQV7WcFReKPXm4xGPso0gQ8pbcbEHz.lQOWfT707,Katherine,Hills,